<?xml version="1.0" encoding="UTF-8"?>
<project-private xmlns="http://www.netbeans.org/ns/project-private/1">
    <editor-bookmarks xmlns="http://www.netbeans.org/ns/editor-bookmarks/2" lastBookmarkId="0"/>
    <open-files xmlns="http://www.netbeans.org/ns/projectui-open-files/2">
        <group>
            <file>file:/D:/Project/DSS/src/BananaPie1.java</file>
            <file>file:/D:/Project/DSS/src/BayesTherem.java</file>
            <file>file:/D:/Project/DSS/src/ApplePie1.java</file>
            <file>file:/D:/Project/DSS/src/Staff.java</file>
            <file>file:/D:/Project/DSS/src/GrapesStock.java</file>
            <file>file:/D:/Project/DSS/src/GrapesPie1.java</file>
            <file>file:/D:/Project/DSS/src/KMeans.java</file>
            <file>file:/D:/Project/DSS/src/StrawberriesStock.java</file>
            <file>file:/D:/Project/DSS/src/MangoStock.java</file>
            <file>file:/D:/Project/DSS/src/MangoPie1.java</file>
            <file>file:/D:/Project/DSS/src/Admin.java</file>
            <file>file:/D:/Project/DSS/src/BlackberriesStock.java</file>
            <file>file:/D:/Project/DSS/src/BananaStock.java</file>
            <file>file:/D:/Project/DSS/src/AppleStock.java</file>
            <file>file:/D:/Project/DSS/src/StrawberriesPie1.java</file>
            <file>file:/D:/Project/DSS/src/BlackberriesPie1.java</file>
            <file>file:/D:/Project/DSS/src/Login.java</file>
            <file>file:/D:/Project/DSS/src/PearsPie1.java</file>
            <file>file:/D:/Project/DSS/src/Main.java</file>
            <file>file:/D:/Project/DSS/src/PearsStock.java</file>
        </group>
    </open-files>
</project-private>
